country,year,value
"Egypt, Arab Rep.",2023,17.153
"Egypt, Arab Rep.",2022,16.342
"Egypt, Arab Rep.",2021,18.21
"Egypt, Arab Rep.",2020,18.463
"Egypt, Arab Rep.",2019,20.631
"Egypt, Arab Rep.",2018,26.252
"Egypt, Arab Rep.",2017,32.644
"Egypt, Arab Rep.",2016,33.655
"Egypt, Arab Rep.",2015,34.16
"Egypt, Arab Rep.",2014,32.198
"Egypt, Arab Rep.",2013,34.12
"Egypt, Arab Rep.",2012,34.439
"Egypt, Arab Rep.",2011,29.426
"Egypt, Arab Rep.",2010,24.583
Jordan,2023,38.837
Jordan,2022,42.028
Jordan,2021,43.862
Jordan,2020,42.458
Jordan,2019,37.205
Jordan,2018,38.941
Jordan,2017,35.438
Jordan,2016,35.61
Jordan,2015,30.914
Jordan,2014,27.612
Jordan,2013,29.536
Jordan,2012,28.853
Jordan,2011,30.787
Jordan,2010,30.059
Lebanon,2023,22.744
Lebanon,2022,22.9
Lebanon,2021,25.203
Lebanon,2020,26.576
Lebanon,2019,23.28
Lebanon,2018,22.668
Lebanon,2017,22.039
Lebanon,2016,21.37
Lebanon,2015,20.591
Lebanon,2014,19.772
Lebanon,2013,19.112
Lebanon,2012,18.192
Lebanon,2011,17.134
Lebanon,2010,16.079
Saudi Arabia,2023,13.474
Saudi Arabia,2022,15.964
Saudi Arabia,2021,19.772
Saudi Arabia,2020,29.627
Saudi Arabia,2019,25.477
Saudi Arabia,2018,30.213
Saudi Arabia,2017,31.504
Saudi Arabia,2016,24.275
Saudi Arabia,2015,28.156
Saudi Arabia,2014,28.603
Saudi Arabia,2013,26.946
Saudi Arabia,2012,24.843
Saudi Arabia,2011,25.11
Saudi Arabia,2010,24.738
