indicator,country,year,value
"Unemployment, youth total (% of total labor force ages 15-24) (modeled ILO estimate)","Egypt, Arab Rep.",2023,17.153
"Unemployment, youth total (% of total labor force ages 15-24) (modeled ILO estimate)","Egypt, Arab Rep.",2022,16.342
"Unemployment, youth total (% of total labor force ages 15-24) (modeled ILO estimate)","Egypt, Arab Rep.",2021,18.21
"Unemployment, youth total (% of total labor force ages 15-24) (modeled ILO estimate)","Egypt, Arab Rep.",2020,18.463
"Unemployment, youth total (% of total labor force ages 15-24) (modeled ILO estimate)","Egypt, Arab Rep.",2019,20.631
"Unemployment, youth total (% of total labor force ages 15-24) (modeled ILO estimate)","Egypt, Arab Rep.",2018,26.252
"Unemployment, youth total (% of total labor force ages 15-24) (modeled ILO estimate)","Egypt, Arab Rep.",2017,32.644
"Unemployment, youth total (% of total labor force ages 15-24) (modeled ILO estimate)","Egypt, Arab Rep.",2016,33.655
"Unemployment, youth total (% of total labor force ages 15-24) (modeled ILO estimate)","Egypt, Arab Rep.",2015,34.16
"Unemployment, youth total (% of total labor force ages 15-24) (modeled ILO estimate)","Egypt, Arab Rep.",2014,32.198
"Unemployment, youth total (% of total labor force ages 15-24) (modeled ILO estimate)","Egypt, Arab Rep.",2013,34.12
"Unemployment, youth total (% of total labor force ages 15-24) (modeled ILO estimate)","Egypt, Arab Rep.",2012,34.439
"Unemployment, youth total (% of total labor force ages 15-24) (modeled ILO estimate)","Egypt, Arab Rep.",2011,29.426
"Unemployment, youth total (% of total labor force ages 15-24) (modeled ILO estimate)","Egypt, Arab Rep.",2010,24.583
"Unemployment, youth total (% of total labor force ages 15-24) (modeled ILO estimate)",Jordan,2023,38.837
"Unemployment, youth total (% of total labor force ages 15-24) (modeled ILO estimate)",Jordan,2022,42.028
"Unemployment, youth total (% of total labor force ages 15-24) (modeled ILO estimate)",Jordan,2021,43.862
"Unemployment, youth total (% of total labor force ages 15-24) (modeled ILO estimate)",Jordan,2020,42.458
"Unemployment, youth total (% of total labor force ages 15-24) (modeled ILO estimate)",Jordan,2019,37.205
"Unemployment, youth total (% of total labor force ages 15-24) (modeled ILO estimate)",Jordan,2018,38.941
"Unemployment, youth total (% of total labor force ages 15-24) (modeled ILO estimate)",Jordan,2017,35.438
"Unemployment, youth total (% of total labor force ages 15-24) (modeled ILO estimate)",Jordan,2016,35.61
"Unemployment, youth total (% of total labor force ages 15-24) (modeled ILO estimate)",Jordan,2015,30.914
"Unemployment, youth total (% of total labor force ages 15-24) (modeled ILO estimate)",Jordan,2014,27.612
"Unemployment, youth total (% of total labor force ages 15-24) (modeled ILO estimate)",Jordan,2013,29.536
"Unemployment, youth total (% of total labor force ages 15-24) (modeled ILO estimate)",Jordan,2012,28.853
"Unemployment, youth total (% of total labor force ages 15-24) (modeled ILO estimate)",Jordan,2011,30.787
"Unemployment, youth total (% of total labor force ages 15-24) (modeled ILO estimate)",Jordan,2010,30.059
"Unemployment, youth total (% of total labor force ages 15-24) (modeled ILO estimate)",Lebanon,2023,22.744
"Unemployment, youth total (% of total labor force ages 15-24) (modeled ILO estimate)",Lebanon,2022,22.9
"Unemployment, youth total (% of total labor force ages 15-24) (modeled ILO estimate)",Lebanon,2021,25.203
"Unemployment, youth total (% of total labor force ages 15-24) (modeled ILO estimate)",Lebanon,2020,26.576
"Unemployment, youth total (% of total labor force ages 15-24) (modeled ILO estimate)",Lebanon,2019,23.28
"Unemployment, youth total (% of total labor force ages 15-24) (modeled ILO estimate)",Lebanon,2018,22.668
"Unemployment, youth total (% of total labor force ages 15-24) (modeled ILO estimate)",Lebanon,2017,22.039
"Unemployment, youth total (% of total labor force ages 15-24) (modeled ILO estimate)",Lebanon,2016,21.37
"Unemployment, youth total (% of total labor force ages 15-24) (modeled ILO estimate)",Lebanon,2015,20.591
"Unemployment, youth total (% of total labor force ages 15-24) (modeled ILO estimate)",Lebanon,2014,19.772
"Unemployment, youth total (% of total labor force ages 15-24) (modeled ILO estimate)",Lebanon,2013,19.112
"Unemployment, youth total (% of total labor force ages 15-24) (modeled ILO estimate)",Lebanon,2012,18.192
"Unemployment, youth total (% of total labor force ages 15-24) (modeled ILO estimate)",Lebanon,2011,17.134
"Unemployment, youth total (% of total labor force ages 15-24) (modeled ILO estimate)",Lebanon,2010,16.079
"Unemployment, youth total (% of total labor force ages 15-24) (modeled ILO estimate)",Saudi Arabia,2023,13.474
"Unemployment, youth total (% of total labor force ages 15-24) (modeled ILO estimate)",Saudi Arabia,2022,15.964
"Unemployment, youth total (% of total labor force ages 15-24) (modeled ILO estimate)",Saudi Arabia,2021,19.772
"Unemployment, youth total (% of total labor force ages 15-24) (modeled ILO estimate)",Saudi Arabia,2020,29.627
"Unemployment, youth total (% of total labor force ages 15-24) (modeled ILO estimate)",Saudi Arabia,2019,25.477
"Unemployment, youth total (% of total labor force ages 15-24) (modeled ILO estimate)",Saudi Arabia,2018,30.213
"Unemployment, youth total (% of total labor force ages 15-24) (modeled ILO estimate)",Saudi Arabia,2017,31.504
"Unemployment, youth total (% of total labor force ages 15-24) (modeled ILO estimate)",Saudi Arabia,2016,24.275
"Unemployment, youth total (% of total labor force ages 15-24) (modeled ILO estimate)",Saudi Arabia,2015,28.156
"Unemployment, youth total (% of total labor force ages 15-24) (modeled ILO estimate)",Saudi Arabia,2014,28.603
"Unemployment, youth total (% of total labor force ages 15-24) (modeled ILO estimate)",Saudi Arabia,2013,26.946
"Unemployment, youth total (% of total labor force ages 15-24) (modeled ILO estimate)",Saudi Arabia,2012,24.843
"Unemployment, youth total (% of total labor force ages 15-24) (modeled ILO estimate)",Saudi Arabia,2011,25.11
"Unemployment, youth total (% of total labor force ages 15-24) (modeled ILO estimate)",Saudi Arabia,2010,24.738
Individuals using the Internet (% of population),"Egypt, Arab Rep.",2023,74.01190186
Individuals using the Internet (% of population),"Egypt, Arab Rep.",2022,72.19806556
Individuals using the Internet (% of population),"Egypt, Arab Rep.",2021,72.05599976
Individuals using the Internet (% of population),"Egypt, Arab Rep.",2020,71.91420096
Individuals using the Internet (% of population),"Egypt, Arab Rep.",2019,57.2828663990195
Individuals using the Internet (% of population),"Egypt, Arab Rep.",2018,46.92433676792
Individuals using the Internet (% of population),"Egypt, Arab Rep.",2017,44.9502042452857
Individuals using the Internet (% of population),"Egypt, Arab Rep.",2016,41.2480670885772
Individuals using the Internet (% of population),"Egypt, Arab Rep.",2015,37.8193834276939
Individuals using the Internet (% of population),"Egypt, Arab Rep.",2014,33.8946039115275
Individuals using the Internet (% of population),"Egypt, Arab Rep.",2013,29.4
Individuals using the Internet (% of population),"Egypt, Arab Rep.",2012,26.4
Individuals using the Internet (% of population),"Egypt, Arab Rep.",2011,25.6
Individuals using the Internet (% of population),"Egypt, Arab Rep.",2010,21.6
Individuals using the Internet (% of population),Jordan,2023,92.53443944
Individuals using the Internet (% of population),Jordan,2022,90.4999984
Individuals using the Internet (% of population),Jordan,2021,85.999997
Individuals using the Internet (% of population),Jordan,2020,78.4178009
Individuals using the Internet (% of population),Jordan,2019,70.08470154
Individuals using the Internet (% of population),Jordan,2018,65.2
Individuals using the Internet (% of population),Jordan,2017,64.5
Individuals using the Internet (% of population),Jordan,2016,56.15000153
Individuals using the Internet (% of population),Jordan,2015,54.22000122
Individuals using the Internet (% of population),Jordan,2014,46.2
Individuals using the Internet (% of population),Jordan,2013,41.4
Individuals using the Internet (% of population),Jordan,2012,37.0
Individuals using the Internet (% of population),Jordan,2011,34.9
Individuals using the Internet (% of population),Jordan,2010,27.2
Individuals using the Internet (% of population),Lebanon,2023,81.7059021
Individuals using the Internet (% of population),Lebanon,2022,81.46479797
Individuals using the Internet (% of population),Lebanon,2021,82.65599823
Individuals using the Internet (% of population),Lebanon,2020,82.0664978
Individuals using the Internet (% of population),Lebanon,2019,81.48120117
Individuals using the Internet (% of population),Lebanon,2018,80.90000153
Individuals using the Internet (% of population),Lebanon,2017,78.18080139
Individuals using the Internet (% of population),Lebanon,2016,76.11000061
Individuals using the Internet (% of population),Lebanon,2015,74.0
Individuals using the Internet (% of population),Lebanon,2014,73.0
Individuals using the Internet (% of population),Lebanon,2013,70.5
Individuals using the Internet (% of population),Lebanon,2012,61.24980164
Individuals using the Internet (% of population),Lebanon,2011,52.0
Individuals using the Internet (% of population),Lebanon,2010,43.68000031
Individuals using the Internet (% of population),Saudi Arabia,2023,100.0
Individuals using the Internet (% of population),Saudi Arabia,2022,100.0
Individuals using the Internet (% of population),Saudi Arabia,2021,100.0
Individuals using the Internet (% of population),Saudi Arabia,2020,97.8623325
Individuals using the Internet (% of population),Saudi Arabia,2019,95.7247355953812
Individuals using the Internet (% of population),Saudi Arabia,2018,93.3100018480347
Individuals using the Internet (% of population),Saudi Arabia,2017,94.1755996113911
Individuals using the Internet (% of population),Saudi Arabia,2016,74.8792746891625
Individuals using the Internet (% of population),Saudi Arabia,2015,69.6162358014004
Individuals using the Internet (% of population),Saudi Arabia,2014,64.713657369019
Individuals using the Internet (% of population),Saudi Arabia,2013,60.5
Individuals using the Internet (% of population),Saudi Arabia,2012,54.0
Individuals using the Internet (% of population),Saudi Arabia,2011,47.5
Individuals using the Internet (% of population),Saudi Arabia,2010,41.0
GDP growth (annual %),"Egypt, Arab Rep.",2023,3.76028052279247
GDP growth (annual %),"Egypt, Arab Rep.",2022,6.58784560870467
GDP growth (annual %),"Egypt, Arab Rep.",2021,3.29064601193245
GDP growth (annual %),"Egypt, Arab Rep.",2020,3.55016483883115
GDP growth (annual %),"Egypt, Arab Rep.",2019,5.55209307084222
GDP growth (annual %),"Egypt, Arab Rep.",2018,5.33110861887155
GDP growth (annual %),"Egypt, Arab Rep.",2017,4.18122099961562
GDP growth (annual %),"Egypt, Arab Rep.",2016,4.34664345601914
GDP growth (annual %),"Egypt, Arab Rep.",2015,4.37201907781687
GDP growth (annual %),"Egypt, Arab Rep.",2014,2.91591188052836
GDP growth (annual %),"Egypt, Arab Rep.",2013,2.18546605363386
GDP growth (annual %),"Egypt, Arab Rep.",2012,2.22619979818487
GDP growth (annual %),"Egypt, Arab Rep.",2011,1.76457194806041
GDP growth (annual %),"Egypt, Arab Rep.",2010,5.14723485746742
GDP growth (annual %),Jordan,2023,3.12900102017251
GDP growth (annual %),Jordan,2022,2.7468615450031
GDP growth (annual %),Jordan,2021,3.75201276755828
GDP growth (annual %),Jordan,2020,-1.15257534158022
GDP growth (annual %),Jordan,2019,1.85633006592765
GDP growth (annual %),Jordan,2018,1.85383415616927
GDP growth (annual %),Jordan,2017,2.50770398070352
GDP growth (annual %),Jordan,2016,2.11166806967252
GDP growth (annual %),Jordan,2015,2.52261671092148
GDP growth (annual %),Jordan,2014,3.32287328047509
GDP growth (annual %),Jordan,2013,2.72311205964112
GDP growth (annual %),Jordan,2012,2.40465716535539
GDP growth (annual %),Jordan,2011,2.90729315392207
GDP growth (annual %),Jordan,2010,2.6377158262256
GDP growth (annual %),Lebanon,2023,-0.760584470257314
GDP growth (annual %),Lebanon,2022,-0.621678970663112
GDP growth (annual %),Lebanon,2021,-7.00123862514116
GDP growth (annual %),Lebanon,2020,-21.3998996914321
GDP growth (annual %),Lebanon,2019,-6.91492472851026
GDP growth (annual %),Lebanon,2018,-1.88470575631651
GDP growth (annual %),Lebanon,2017,0.903028464073813
GDP growth (annual %),Lebanon,2016,1.55454940856943
GDP growth (annual %),Lebanon,2015,0.462320792597581
GDP growth (annual %),Lebanon,2014,2.48406010500743
GDP growth (annual %),Lebanon,2013,3.8278734986016
GDP growth (annual %),Lebanon,2012,2.56479133680038
GDP growth (annual %),Lebanon,2011,0.86733987855277
GDP growth (annual %),Lebanon,2010,7.97513555844932
GDP growth (annual %),Saudi Arabia,2023,0.542592439393161
GDP growth (annual %),Saudi Arabia,2022,12.0005874752929
GDP growth (annual %),Saudi Arabia,2021,6.51959698325419
GDP growth (annual %),Saudi Arabia,2020,-3.80478901996312
GDP growth (annual %),Saudi Arabia,2019,1.65158925617395
GDP growth (annual %),Saudi Arabia,2018,3.2269508901591
GDP growth (annual %),Saudi Arabia,2017,1.18210705878283
GDP growth (annual %),Saudi Arabia,2016,1.70404739202878
GDP growth (annual %),Saudi Arabia,2015,4.65512316652699
GDP growth (annual %),Saudi Arabia,2014,4.02467158380668
GDP growth (annual %),Saudi Arabia,2013,2.94563789152025
GDP growth (annual %),Saudi Arabia,2012,5.76157382270968
GDP growth (annual %),Saudi Arabia,2011,11.758820686671
GDP growth (annual %),Saudi Arabia,2010,5.0395150823517
"Labor force participation rate, female (% of female population ages 15+) (modeled ILO estimate)","Egypt, Arab Rep.",2023,18.478
"Labor force participation rate, female (% of female population ages 15+) (modeled ILO estimate)","Egypt, Arab Rep.",2022,15.233
"Labor force participation rate, female (% of female population ages 15+) (modeled ILO estimate)","Egypt, Arab Rep.",2021,15.59
"Labor force participation rate, female (% of female population ages 15+) (modeled ILO estimate)","Egypt, Arab Rep.",2020,14.609
"Labor force participation rate, female (% of female population ages 15+) (modeled ILO estimate)","Egypt, Arab Rep.",2019,15.859
"Labor force participation rate, female (% of female population ages 15+) (modeled ILO estimate)","Egypt, Arab Rep.",2018,18.415
"Labor force participation rate, female (% of female population ages 15+) (modeled ILO estimate)","Egypt, Arab Rep.",2017,22.184
"Labor force participation rate, female (% of female population ages 15+) (modeled ILO estimate)","Egypt, Arab Rep.",2016,23.072
"Labor force participation rate, female (% of female population ages 15+) (modeled ILO estimate)","Egypt, Arab Rep.",2015,22.813
"Labor force participation rate, female (% of female population ages 15+) (modeled ILO estimate)","Egypt, Arab Rep.",2014,23.166
"Labor force participation rate, female (% of female population ages 15+) (modeled ILO estimate)","Egypt, Arab Rep.",2013,23.012
"Labor force participation rate, female (% of female population ages 15+) (modeled ILO estimate)","Egypt, Arab Rep.",2012,22.511
"Labor force participation rate, female (% of female population ages 15+) (modeled ILO estimate)","Egypt, Arab Rep.",2011,22.537
"Labor force participation rate, female (% of female population ages 15+) (modeled ILO estimate)","Egypt, Arab Rep.",2010,23.19
"Labor force participation rate, female (% of female population ages 15+) (modeled ILO estimate)",Jordan,2023,15.933
"Labor force participation rate, female (% of female population ages 15+) (modeled ILO estimate)",Jordan,2022,13.922
"Labor force participation rate, female (% of female population ages 15+) (modeled ILO estimate)",Jordan,2021,13.964
"Labor force participation rate, female (% of female population ages 15+) (modeled ILO estimate)",Jordan,2020,14.975
"Labor force participation rate, female (% of female population ages 15+) (modeled ILO estimate)",Jordan,2019,13.685
"Labor force participation rate, female (% of female population ages 15+) (modeled ILO estimate)",Jordan,2018,14.649
"Labor force participation rate, female (% of female population ages 15+) (modeled ILO estimate)",Jordan,2017,16.612
"Labor force participation rate, female (% of female population ages 15+) (modeled ILO estimate)",Jordan,2016,15.051
"Labor force participation rate, female (% of female population ages 15+) (modeled ILO estimate)",Jordan,2015,13.599
"Labor force participation rate, female (% of female population ages 15+) (modeled ILO estimate)",Jordan,2014,12.283
"Labor force participation rate, female (% of female population ages 15+) (modeled ILO estimate)",Jordan,2013,12.946
"Labor force participation rate, female (% of female population ages 15+) (modeled ILO estimate)",Jordan,2012,13.864
"Labor force participation rate, female (% of female population ages 15+) (modeled ILO estimate)",Jordan,2011,14.424
"Labor force participation rate, female (% of female population ages 15+) (modeled ILO estimate)",Jordan,2010,14.464
"Labor force participation rate, female (% of female population ages 15+) (modeled ILO estimate)",Lebanon,2023,22.234
"Labor force participation rate, female (% of female population ages 15+) (modeled ILO estimate)",Lebanon,2022,22.339
"Labor force participation rate, female (% of female population ages 15+) (modeled ILO estimate)",Lebanon,2021,23.882
"Labor force participation rate, female (% of female population ages 15+) (modeled ILO estimate)",Lebanon,2020,25.944
"Labor force participation rate, female (% of female population ages 15+) (modeled ILO estimate)",Lebanon,2019,29.286
"Labor force participation rate, female (% of female population ages 15+) (modeled ILO estimate)",Lebanon,2018,28.47
"Labor force participation rate, female (% of female population ages 15+) (modeled ILO estimate)",Lebanon,2017,27.67
"Labor force participation rate, female (% of female population ages 15+) (modeled ILO estimate)",Lebanon,2016,26.885
"Labor force participation rate, female (% of female population ages 15+) (modeled ILO estimate)",Lebanon,2015,26.114
"Labor force participation rate, female (% of female population ages 15+) (modeled ILO estimate)",Lebanon,2014,25.401
"Labor force participation rate, female (% of female population ages 15+) (modeled ILO estimate)",Lebanon,2013,24.74
"Labor force participation rate, female (% of female population ages 15+) (modeled ILO estimate)",Lebanon,2012,24.089
"Labor force participation rate, female (% of female population ages 15+) (modeled ILO estimate)",Lebanon,2011,23.448
"Labor force participation rate, female (% of female population ages 15+) (modeled ILO estimate)",Lebanon,2010,22.817
"Labor force participation rate, female (% of female population ages 15+) (modeled ILO estimate)",Saudi Arabia,2023,34.278
"Labor force participation rate, female (% of female population ages 15+) (modeled ILO estimate)",Saudi Arabia,2022,34.098
"Labor force participation rate, female (% of female population ages 15+) (modeled ILO estimate)",Saudi Arabia,2021,34.218
"Labor force participation rate, female (% of female population ages 15+) (modeled ILO estimate)",Saudi Arabia,2020,29.308
"Labor force participation rate, female (% of female population ages 15+) (modeled ILO estimate)",Saudi Arabia,2019,24.365
"Labor force participation rate, female (% of female population ages 15+) (modeled ILO estimate)",Saudi Arabia,2018,21.824
"Labor force participation rate, female (% of female population ages 15+) (modeled ILO estimate)",Saudi Arabia,2017,19.857
"Labor force participation rate, female (% of female population ages 15+) (modeled ILO estimate)",Saudi Arabia,2016,22.866
"Labor force participation rate, female (% of female population ages 15+) (modeled ILO estimate)",Saudi Arabia,2015,21.635
"Labor force participation rate, female (% of female population ages 15+) (modeled ILO estimate)",Saudi Arabia,2014,20.278
"Labor force participation rate, female (% of female population ages 15+) (modeled ILO estimate)",Saudi Arabia,2013,19.817
"Labor force participation rate, female (% of female population ages 15+) (modeled ILO estimate)",Saudi Arabia,2012,19.758
"Labor force participation rate, female (% of female population ages 15+) (modeled ILO estimate)",Saudi Arabia,2011,18.954
"Labor force participation rate, female (% of female population ages 15+) (modeled ILO estimate)",Saudi Arabia,2010,17.628
