governorate,year,poverty_rate
Amman,1997,19.6
Amman,2002,9.2
Amman,2006,9.4
Amman,2008,8.3
Amman,2010,11.4
Balqa,1997,21.8
Balqa,2002,17.8
Balqa,2006,15.3
Balqa,2008,19.7
Balqa,2010,20.9
Zarqa,1997,16.3
Zarqa,2002,22.3
Zarqa,2006,14.9
Zarqa,2008,11.2
Zarqa,2010,14.1
Madaba,1997,23.9
Madaba,2002,10.7
Madaba,2006,10.0
Madaba,2008,14.9
Madaba,2010,15.1
Irbid,1997,26.0
Irbid,2002,13.8
Irbid,2006,12.1
Irbid,2008,14.7
Irbid,2010,15.0
Mafraq,1997,35.9
Mafraq,2002,25.4
Mafraq,2006,23.0
Mafraq,2008,31.9
Mafraq,2010,19.2
Jerash,1997,19.2
Jerash,2002,18.4
Jerash,2006,16.7
Jerash,2008,20.3
Jerash,2010,20.3
Ajloun,1997,17.3
Ajloun,2002,9.7
Ajloun,2006,17.7
Ajloun,2008,13.3
Ajloun,2010,25.6
Kerak,1997,13.0
Kerak,2002,12.2
Kerak,2006,21.7
Kerak,2008,17.1
Kerak,2010,13.4
Tafileh,1997,24.3
Tafileh,2002,10.6
Tafileh,2006,19.1
Tafileh,2008,21.1
Tafileh,2010,17.2
Maan,1997,37.3
Maan,2002,24.1
Maan,2006,12.7
Maan,2008,24.2
Maan,2010,26.6
Aqaba,1997,17.0
Aqaba,2002,15.2
Aqaba,2006,15.5
Aqaba,2008,11.8
Aqaba,2010,19.2
